BusinessEntityID,PersonType,NameStyle,FirstName,LastName,EmailAddress,EmailPromotion,AddressType,AddressLine1,City,StateProvinceName,CountryRegionName,PostalCode
1734,IN,0,Gary,Schare,gary4@adventure-works.com,0,Home,Kulmer Straße 36,Braunschweig,Nordrhein-Westfalen,Germany,"<IndividualSurvey xmlns=""http://schemas.microsoft.com/sqlserver/2004/07/adventure-works/IndividualSurvey""><TotalPurchaseYTD>-69.99</TotalPurchaseYTD><DateFirstPurchase>2004-03-21Z</DateFirstPurchase><BirthDate>1945-07-17Z</BirthDate><MaritalStatus>M</MaritalStatus><YearlyIncome>75001-100000</YearlyIncome><Gender>M</Gender><TotalChildren>5</TotalChildren><NumberChildrenAtHome>0</NumberChildrenAtHome><Education>Bachelors </Education><Occupation>Management</Occupation><HomeOwnerFlag>1</HomeOwnerFlag><NumberCarsOwned>2</NumberCarsOwned><CommuteDistance>10+ Miles</CommuteDistance></IndividualSurvey>"
1737,SC,1,Scot,Schulte,scot1@adventure-works.com,0,Home,5473 Olive Hill,Matraville,New South Wales,Australia,"<IndividualSurvey xmlns=""http://schemas.microsoft.com/sqlserver/2004/07/adventure-works/IndividualSurvey""><TotalPurchaseYTD>-69.99</TotalPurchaseYTD><DateFirstPurchase>2004-03-21Z</DateFirstPurchase><BirthDate>1945-07-17Z</BirthDate><MaritalStatus>M</MaritalStatus><YearlyIncome>75001-100000</YearlyIncome><Gender>M</Gender><TotalChildren>5</TotalChildren><NumberChildrenAtHome>0</NumberChildrenAtHome><Education>Bachelors </Education><Occupation>Management</Occupation><HomeOwnerFlag>1</HomeOwnerFlag><NumberCarsOwned>2</NumberCarsOwned><CommuteDistance>10+ Miles</CommuteDistance></IndividualSurvey>"
1740,IN,0,Scott,Seely,scott11@adventure-works.com,1,Home,Berliner Platz 774,München,Hamburg,Germany,"<IndividualSurvey xmlns=""http://schemas.microsoft.com/sqlserver/2004/07/adventure-works/IndividualSurvey""><TotalPurchaseYTD>-69.99</TotalPurchaseYTD><DateFirstPurchase>2004-03-21Z</DateFirstPurchase><BirthDate>1945-07-17Z</BirthDate><MaritalStatus>M</MaritalStatus><YearlyIncome>75001-100000</YearlyIncome><Gender>M</Gender><TotalChildren>5</TotalChildren><NumberChildrenAtHome>0</NumberChildrenAtHome><Education>Bachelors </Education><Occupation>Management</Occupation><HomeOwnerFlag>1</HomeOwnerFlag><NumberCarsOwned>2</NumberCarsOwned><CommuteDistance>10+ Miles</CommuteDistance></IndividualSurvey>"
1743,IN,0,Alice,Serventi,alice3@adventure-works.com,0,Home,"103, avenue des Champs-Elysées",Paris La Defense,Hauts de Seine,France,"<IndividualSurvey xmlns=""http://schemas.microsoft.com/sqlserver/2004/07/adventure-works/IndividualSurvey""><TotalPurchaseYTD>-69.99</TotalPurchaseYTD><DateFirstPurchase>2004-03-21Z</DateFirstPurchase><BirthDate>1945-07-17Z</BirthDate><MaritalStatus>M</MaritalStatus><YearlyIncome>75001-100000</YearlyIncome><Gender>M</Gender><TotalChildren>5</TotalChildren><NumberChildrenAtHome>0</NumberChildrenAtHome><Education>Bachelors </Education><Occupation>Management</Occupation><HomeOwnerFlag>1</HomeOwnerFlag><NumberCarsOwned>2</NumberCarsOwned><CommuteDistance>10+ Miles</CommuteDistance></IndividualSurvey>"
1746,IN,0,Alan,Shen,alan3@adventure-works.com,1,Home,9826 Olive Ave.,Sydney,New South Wales,Australia,"<IndividualSurvey xmlns=""http://schemas.microsoft.com/sqlserver/2004/07/adventure-works/IndividualSurvey""><TotalPurchaseYTD>-69.99</TotalPurchaseYTD><DateFirstPurchase>2004-03-21Z</DateFirstPurchase><BirthDate>1945-07-17Z</BirthDate><MaritalStatus>M</MaritalStatus><YearlyIncome>75001-100000</YearlyIncome><Gender>M</Gender><TotalChildren>5</TotalChildren><NumberChildrenAtHome>0</NumberChildrenAtHome><Education>Bachelors </Education><Occupation>Management</Occupation><HomeOwnerFlag>1</HomeOwnerFlag><NumberCarsOwned>2</NumberCarsOwned><CommuteDistance>10+ Miles</CommuteDistance></IndividualSurvey>"
1754,IN,0,Shish,Shridhar,shish0@adventure-works.com,0,Home,886 Panoramic Drive,Gateshead,England,United Kingdom,"<IndividualSurvey xmlns=""http://schemas.microsoft.com/sqlserver/2004/07/adventure-works/IndividualSurvey""><TotalPurchaseYTD>-69.99</TotalPurchaseYTD><DateFirstPurchase>2004-03-21Z</DateFirstPurchase><BirthDate>1945-07-17Z</BirthDate><MaritalStatus>M</MaritalStatus><YearlyIncome>75001-100000</YearlyIncome><Gender>M</Gender><TotalChildren>5</TotalChildren><NumberChildrenAtHome>0</NumberChildrenAtHome><Education>Bachelors </Education><Occupation>Management</Occupation><HomeOwnerFlag>1</HomeOwnerFlag><NumberCarsOwned>2</NumberCarsOwned><CommuteDistance>10+ Miles</CommuteDistance></IndividualSurvey>"
1757,IN,0,David,Simpson,david24@adventure-works.com,2,Home,3956 Stonedale,Beaverton,Oregon,United States,"<IndividualSurvey xmlns=""http://schemas.microsoft.com/sqlserver/2004/07/adventure-works/IndividualSurvey""><TotalPurchaseYTD>-69.99</TotalPurchaseYTD><DateFirstPurchase>2004-03-21Z</DateFirstPurchase><BirthDate>1945-07-17Z</BirthDate><MaritalStatus>M</MaritalStatus><YearlyIncome>75001-100000</YearlyIncome><Gender>M</Gender><TotalChildren>5</TotalChildren><NumberChildrenAtHome>0</NumberChildrenAtHome><Education>Bachelors </Education><Occupation>Management</Occupation><HomeOwnerFlag>1</HomeOwnerFlag><NumberCarsOwned>2</NumberCarsOwned><CommuteDistance>10+ Miles</CommuteDistance></IndividualSurvey>"
1760,IN,0,Paul,Singh,paul5@adventure-works.com,1,Home,371 Westwood Court,Burbank,Ohio,United States,"<IndividualSurvey xmlns=""http://schemas.microsoft.com/sqlserver/2004/07/adventure-works/IndividualSurvey""><TotalPurchaseYTD>-69.99</TotalPurchaseYTD><DateFirstPurchase>2004-03-21Z</DateFirstPurchase><BirthDate>1945-07-17Z</BirthDate><MaritalStatus>M</MaritalStatus><YearlyIncome>75001-100000</YearlyIncome><Gender>M</Gender><TotalChildren>5</TotalChildren><NumberChildrenAtHome>0</NumberChildrenAtHome><Education>Bachelors </Education><Occupation>Management</Occupation><HomeOwnerFlag>1</HomeOwnerFlag><NumberCarsOwned>2</NumberCarsOwned><CommuteDistance>10+ Miles</CommuteDistance></IndividualSurvey>"
1763,IN,0,Dianne,Slattengren,dianne0@adventure-works.com,2,Home,1574 Hudson Ave.,Maidenhead,England,United Kingdom,"<IndividualSurvey xmlns=""http://schemas.microsoft.com/sqlserver/2004/07/adventure-works/IndividualSurvey""><TotalPurchaseYTD>-69.99</TotalPurchaseYTD><DateFirstPurchase>2004-03-21Z</DateFirstPurchase><BirthDate>1945-07-17Z</BirthDate><MaritalStatus>M</MaritalStatus><YearlyIncome>75001-100000</YearlyIncome><Gender>M</Gender><TotalChildren>5</TotalChildren><NumberChildrenAtHome>0</NumberChildrenAtHome><Education>Bachelors </Education><Occupation>Management</Occupation><HomeOwnerFlag>1</HomeOwnerFlag><NumberCarsOwned>2</NumberCarsOwned><CommuteDistance>10+ Miles</CommuteDistance></IndividualSurvey>"
1766,IN,0,Leonard,Smith,leonard0@adventure-works.com,2,Home,8483 Arizona Drive,Port Macquarie,New South Wales,Australia,"<IndividualSurvey xmlns=""http://schemas.microsoft.com/sqlserver/2004/07/adventure-works/IndividualSurvey""><TotalPurchaseYTD>-69.99</TotalPurchaseYTD><DateFirstPurchase>2004-03-21Z</DateFirstPurchase><BirthDate>1945-07-17Z</BirthDate><MaritalStatus>M</MaritalStatus><YearlyIncome>75001-100000</YearlyIncome><Gender>M</Gender><TotalChildren>5</TotalChildren><NumberChildrenAtHome>0</NumberChildrenAtHome><Education>Bachelors </Education><Occupation>Management</Occupation><HomeOwnerFlag>1</HomeOwnerFlag><NumberCarsOwned>2</NumberCarsOwned><CommuteDistance>10+ Miles</CommuteDistance></IndividualSurvey>"
1777,IN,0,David,So,david25@adventure-works.com,2,Home,Marketplatz 5193,Bonn,Nordrhein-Westfalen,Germany,"<IndividualSurvey xmlns=""http://schemas.microsoft.com/sqlserver/2004/07/adventure-works/IndividualSurvey""><TotalPurchaseYTD>-69.99</TotalPurchaseYTD><DateFirstPurchase>2004-03-21Z</DateFirstPurchase><BirthDate>1945-07-17Z</BirthDate><MaritalStatus>M</MaritalStatus><YearlyIncome>75001-100000</YearlyIncome><Gender>M</Gender><TotalChildren>5</TotalChildren><NumberChildrenAtHome>0</NumberChildrenAtHome><Education>Bachelors </Education><Occupation>Management</Occupation><HomeOwnerFlag>1</HomeOwnerFlag><NumberCarsOwned>2</NumberCarsOwned><CommuteDistance>10+ Miles</CommuteDistance></IndividualSurvey>"
1780,IN,0,Lolan,Song,lolan1@adventure-works.com,2,Home,1830 Shore Rd.,Warrington,England,United Kingdom,"<IndividualSurvey xmlns=""http://schemas.microsoft.com/sqlserver/2004/07/adventure-works/IndividualSurvey""><TotalPurchaseYTD>-69.99</TotalPurchaseYTD><DateFirstPurchase>2004-03-21Z</DateFirstPurchase><BirthDate>1945-07-17Z</BirthDate><MaritalStatus>M</MaritalStatus><YearlyIncome>75001-100000</YearlyIncome><Gender>M</Gender><TotalChildren>5</TotalChildren><NumberChildrenAtHome>0</NumberChildrenAtHome><Education>Bachelors </Education><Occupation>Management</Occupation><HomeOwnerFlag>1</HomeOwnerFlag><NumberCarsOwned>2</NumberCarsOwned><CommuteDistance>10+ Miles</CommuteDistance></IndividualSurvey>"
1783,IN,0,Sylvia,Spencer,sylvia1@adventure-works.com,0,Home,"52, rue Malar",Saint Germain en Laye,Yveline,France,"<IndividualSurvey xmlns=""http://schemas.microsoft.com/sqlserver/2004/07/adventure-works/IndividualSurvey""><TotalPurchaseYTD>-69.99</TotalPurchaseYTD><DateFirstPurchase>2004-03-21Z</DateFirstPurchase><BirthDate>1945-07-17Z</BirthDate><MaritalStatus>M</MaritalStatus><YearlyIncome>75001-100000</YearlyIncome><Gender>M</Gender><TotalChildren>5</TotalChildren><NumberChildrenAtHome>0</NumberChildrenAtHome><Education>Bachelors </Education><Occupation>Management</Occupation><HomeOwnerFlag>1</HomeOwnerFlag><NumberCarsOwned>2</NumberCarsOwned><CommuteDistance>10+ Miles</CommuteDistance></IndividualSurvey>"
2381,IN,0,Warren,Pal,warren1@adventure-works.com,1,Home,"8, rue de l´Avenir",Drancy,Seine Saint Denis,France,"<IndividualSurvey xmlns=""http://schemas.microsoft.com/sqlserver/2004/07/adventure-works/IndividualSurvey""><TotalPurchaseYTD>-69.99</TotalPurchaseYTD><DateFirstPurchase>2004-03-21Z</DateFirstPurchase><BirthDate>1945-07-17Z</BirthDate><MaritalStatus>M</MaritalStatus><YearlyIncome>75001-100000</YearlyIncome><Gender>M</Gender><TotalChildren>5</TotalChildren><NumberChildrenAtHome>0</NumberChildrenAtHome><Education>Bachelors </Education><Occupation>Management</Occupation><HomeOwnerFlag>1</HomeOwnerFlag><NumberCarsOwned>2</NumberCarsOwned><CommuteDistance>10+ Miles</CommuteDistance></IndividualSurvey>"
2384,IN,0,Crystal,Zeng,crystal1@adventure-works.com,2,Home,Auf Der Steige 6,Neunkirchen,Saarland,Germany,"<IndividualSurvey xmlns=""http://schemas.microsoft.com/sqlserver/2004/07/adventure-works/IndividualSurvey""><TotalPurchaseYTD>-69.99</TotalPurchaseYTD><DateFirstPurchase>2004-03-21Z</DateFirstPurchase><BirthDate>1945-07-17Z</BirthDate><MaritalStatus>M</MaritalStatus><YearlyIncome>75001-100000</YearlyIncome><Gender>M</Gender><TotalChildren>5</TotalChildren><NumberChildrenAtHome>0</NumberChildrenAtHome><Education>Bachelors </Education><Occupation>Management</Occupation><HomeOwnerFlag>1</HomeOwnerFlag><NumberCarsOwned>2</NumberCarsOwned><CommuteDistance>10+ Miles</CommuteDistance></IndividualSurvey>"
2387,IN,0,Laura,Chen,laura9@adventure-works.com,0,Home,Winter der Böck 254,Salzgitter,Hessen,Germany,"<IndividualSurvey xmlns=""http://schemas.microsoft.com/sqlserver/2004/07/adventure-works/IndividualSurvey""><TotalPurchaseYTD>-69.99</TotalPurchaseYTD><DateFirstPurchase>2004-03-21Z</DateFirstPurchase><BirthDate>1945-07-17Z</BirthDate><MaritalStatus>M</MaritalStatus><YearlyIncome>75001-100000</YearlyIncome><Gender>M</Gender><TotalChildren>5</TotalChildren><NumberChildrenAtHome>0</NumberChildrenAtHome><Education>Bachelors </Education><Occupation>Management</Occupation><HomeOwnerFlag>1</HomeOwnerFlag><NumberCarsOwned>2</NumberCarsOwned><CommuteDistance>10+ Miles</CommuteDistance></IndividualSurvey>"
2390,IN,0,Laura,Huang,laura12@adventure-works.com,0,Home,Buergermeister-ulrich-str 90,Leipzig,Nordrhein-Westfalen,Germany,"<IndividualSurvey xmlns=""http://schemas.microsoft.com/sqlserver/2004/07/adventure-works/IndividualSurvey""><TotalPurchaseYTD>-69.99</TotalPurchaseYTD><DateFirstPurchase>2004-03-21Z</DateFirstPurchase><BirthDate>1945-07-17Z</BirthDate><MaritalStatus>M</MaritalStatus><YearlyIncome>75001-100000</YearlyIncome><Gender>M</Gender><TotalChildren>5</TotalChildren><NumberChildrenAtHome>0</NumberChildrenAtHome><Education>Bachelors </Education><Occupation>Management</Occupation><HomeOwnerFlag>1</HomeOwnerFlag><NumberCarsOwned>2</NumberCarsOwned><CommuteDistance>10+ Miles</CommuteDistance></IndividualSurvey>"
2393,IN,0,Laura,Lin,laura14@adventure-works.com,2,Home,3378 Coldwater Drive,Matraville,New South Wales,Australia,"<IndividualSurvey xmlns=""http://schemas.microsoft.com/sqlserver/2004/07/adventure-works/IndividualSurvey""><TotalPurchaseYTD>-69.99</TotalPurchaseYTD><DateFirstPurchase>2004-03-21Z</DateFirstPurchase><BirthDate>1945-07-17Z</BirthDate><MaritalStatus>M</MaritalStatus><YearlyIncome>75001-100000</YearlyIncome><Gender>M</Gender><TotalChildren>5</TotalChildren><NumberChildrenAtHome>0</NumberChildrenAtHome><Education>Bachelors </Education><Occupation>Management</Occupation><HomeOwnerFlag>1</HomeOwnerFlag><NumberCarsOwned>2</NumberCarsOwned><CommuteDistance>10+ Miles</CommuteDistance></IndividualSurvey>"
2401,IN,0,Laura,Gao,laura20@adventure-works.com,0,Home,82 Mt. Dell Dr.,Silverwater,New South Wales,Australia,"<IndividualSurvey xmlns=""http://schemas.microsoft.com/sqlserver/2004/07/adventure-works/IndividualSurvey""><TotalPurchaseYTD>-69.99</TotalPurchaseYTD><DateFirstPurchase>2004-03-21Z</DateFirstPurchase><BirthDate>1945-07-17Z</BirthDate><MaritalStatus>M</MaritalStatus><YearlyIncome>75001-100000</YearlyIncome><Gender>M</Gender><TotalChildren>5</TotalChildren><NumberChildrenAtHome>0</NumberChildrenAtHome><Education>Bachelors </Education><Occupation>Management</Occupation><HomeOwnerFlag>1</HomeOwnerFlag><NumberCarsOwned>2</NumberCarsOwned><CommuteDistance>10+ Miles</CommuteDistance></IndividualSurvey>"
2404,IN,0,Francis,Alvarez,francis2@adventure-works.com,0,Home,5287 Race Road,Brisbane,Queensland,Australia,"<IndividualSurvey xmlns=""http://schemas.microsoft.com/sqlserver/2004/07/adventure-works/IndividualSurvey""><TotalPurchaseYTD>-69.99</TotalPurchaseYTD><DateFirstPurchase>2004-03-21Z</DateFirstPurchase><BirthDate>1945-07-17Z</BirthDate><MaritalStatus>M</MaritalStatus><YearlyIncome>75001-100000</YearlyIncome><Gender>M</Gender><TotalChildren>5</TotalChildren><NumberChildrenAtHome>0</NumberChildrenAtHome><Education>Bachelors </Education><Occupation>Management</Occupation><HomeOwnerFlag>1</HomeOwnerFlag><NumberCarsOwned>2</NumberCarsOwned><CommuteDistance>10+ Miles</CommuteDistance></IndividualSurvey>"
2407,IN,0,Laura,He,laura24@adventure-works.com,0,Home,Postfach 90 92 92,Hamburg,Hamburg,Germany,"<IndividualSurvey xmlns=""http://schemas.microsoft.com/sqlserver/2004/07/adventure-works/IndividualSurvey""><TotalPurchaseYTD>-31</TotalPurchaseYTD><DateFirstPurchase>2004-06-22Z</DateFirstPurchase><BirthDate>1980-03-08Z</BirthDate><MaritalStatus>M</MaritalStatus><YearlyIncome>0-25000</YearlyIncome><Gender>F</Gender><TotalChildren>0</TotalChildren><NumberChildrenAtHome>0</NumberChildrenAtHome><Education>Partial High School</Education><Occupation>Manual</Occupation><HomeOwnerFlag>1</HomeOwnerFlag><NumberCarsOwned>2</NumberCarsOwned><CommuteDistance>1-2 Miles</CommuteDistance></IndividualSurvey>"
2410,IN,0,Laura,Hu,laura26@adventure-works.com,2,Home,8502 Diver Way,Chula Vista,California,United States,"<IndividualSurvey xmlns=""http://schemas.microsoft.com/sqlserver/2004/07/adventure-works/IndividualSurvey""><TotalPurchaseYTD>738.35</TotalPurchaseYTD><DateFirstPurchase>2002-01-28Z</DateFirstPurchase><BirthDate>1957-04-28Z</BirthDate><MaritalStatus>M</MaritalStatus><YearlyIncome>50001-75000</YearlyIncome><Gender>F</Gender><TotalChildren>3</TotalChildren><NumberChildrenAtHome>2</NumberChildrenAtHome><Education>Partial College</Education><Occupation>Professional</Occupation><HomeOwnerFlag>1</HomeOwnerFlag><NumberCarsOwned>0</NumberCarsOwned><CommuteDistance>5-10 Miles</CommuteDistance></IndividualSurvey>"
2413,IN,0,Lisa,Wang,lisa4@adventure-works.com,0,Home,2530 Seeno St,Wokingham,England,United Kingdom,"<IndividualSurvey xmlns=""http://schemas.microsoft.com/sqlserver/2004/07/adventure-works/IndividualSurvey""><TotalPurchaseYTD>-30</TotalPurchaseYTD><DateFirstPurchase>2004-03-19Z</DateFirstPurchase><BirthDate>1945-08-15Z</BirthDate><MaritalStatus>S</MaritalStatus><YearlyIncome>greater than 100000</YearlyIncome><Gender>F</Gender><TotalChildren>3</TotalChildren><NumberChildrenAtHome>4</NumberChildrenAtHome><Education>Graduate Degree</Education><Occupation>Management</Occupation><HomeOwnerFlag>0</HomeOwnerFlag><NumberCarsOwned>4</NumberCarsOwned><CommuteDistance>0-1 Miles</CommuteDistance></IndividualSurvey>"
2421,IN,0,Lisa,Wu,lisa10@adventure-works.com,0,Home,8426 Easley Dr.,Melton,Victoria,Australia,"<IndividualSurvey xmlns=""http://schemas.microsoft.com/sqlserver/2004/07/adventure-works/IndividualSurvey""><TotalPurchaseYTD>45.5</TotalPurchaseYTD><DateFirstPurchase>2003-11-03Z</DateFirstPurchase><BirthDate>1957-08-15Z</BirthDate><MaritalStatus>M</MaritalStatus><YearlyIncome>50001-75000</YearlyIncome><Gender>F</Gender><TotalChildren>1</TotalChildren><NumberChildrenAtHome>0</NumberChildrenAtHome><Education>Partial College</Education><Occupation>Skilled Manual</Occupation><HomeOwnerFlag>1</HomeOwnerFlag><NumberCarsOwned>1</NumberCarsOwned><CommuteDistance>5-10 Miles</CommuteDistance></IndividualSurvey>"
2453,IN,0,Jamie,Xu,jamie15@adventure-works.com,1,Home,Bundesallee 44,Frankfurt am Main,Hamburg,Germany,"<IndividualSurvey xmlns=""http://schemas.microsoft.com/sqlserver/2004/07/adventure-works/IndividualSurvey""><TotalPurchaseYTD>245.8936</TotalPurchaseYTD><DateFirstPurchase>2003-04-18Z</DateFirstPurchase><BirthDate>1952-10-02Z</BirthDate><MaritalStatus>M</MaritalStatus><YearlyIncome>0-25000</YearlyIncome><Gender>F</Gender><TotalChildren>2</TotalChildren><NumberChildrenAtHome>0</NumberChildrenAtHome><Education>Partial College</Education><Occupation>Manual</Occupation><HomeOwnerFlag>1</HomeOwnerFlag><NumberCarsOwned>1</NumberCarsOwned><CommuteDistance>2-5 Miles</CommuteDistance></IndividualSurvey>"
2461,IN,0,Isabella,Brooks,isabella8@adventure-works.com,2,Home,9471 Shell Dr.,Bremerton,Washington,United States,"<IndividualSurvey xmlns=""http://schemas.microsoft.com/sqlserver/2004/07/adventure-works/IndividualSurvey""><TotalPurchaseYTD>160.405</TotalPurchaseYTD><DateFirstPurchase>2003-03-21Z</DateFirstPurchase><BirthDate>1969-12-25Z</BirthDate><MaritalStatus>S</MaritalStatus><YearlyIncome>50001-75000</YearlyIncome><Gender>F</Gender><TotalChildren>5</TotalChildren><NumberChildrenAtHome>0</NumberChildrenAtHome><Education>Graduate Degree</Education><Occupation>Professional</Occupation><HomeOwnerFlag>1</HomeOwnerFlag><NumberCarsOwned>0</NumberCarsOwned><CommuteDistance>2-5 Miles</CommuteDistance></IndividualSurvey>"
1734,IN,0,Gary,Schare,gary4@adventure-works.com,0,Home,Kulmer Straße 36,Braunschweig,Nordrhein-Westfalen,Germany,"<IndividualSurvey xmlns=""http://schemas.microsoft.com/sqlserver/2004/07/adventure-works/IndividualSurvey""><TotalPurchaseYTD>-69.99</TotalPurchaseYTD><DateFirstPurchase>2004-03-21Z</DateFirstPurchase><BirthDate>1945-07-17Z</BirthDate><MaritalStatus>M</MaritalStatus><YearlyIncome>75001-100000</YearlyIncome><Gender>M</Gender><TotalChildren>5</TotalChildren><NumberChildrenAtHome>0</NumberChildrenAtHome><Education>Bachelors </Education><Occupation>Management</Occupation><HomeOwnerFlag>1</HomeOwnerFlag><NumberCarsOwned>2</NumberCarsOwned><CommuteDistance>10+ Miles</CommuteDistance></IndividualSurvey>"
1737,IN,0,Scot,Schulte,scot1@adventure-works.com,0,Home,5473 Olive Hill,Matraville,New South Wales,Australia,"<IndividualSurvey xmlns=""http://schemas.microsoft.com/sqlserver/2004/07/adventure-works/IndividualSurvey""><TotalPurchaseYTD>-69.99</TotalPurchaseYTD><DateFirstPurchase>2004-03-21Z</DateFirstPurchase><BirthDate>1945-07-17Z</BirthDate><MaritalStatus>M</MaritalStatus><YearlyIncome>75001-100000</YearlyIncome><Gender>M</Gender><TotalChildren>5</TotalChildren><NumberChildrenAtHome>0</NumberChildrenAtHome><Education>Bachelors </Education><Occupation>Management</Occupation><HomeOwnerFlag>1</HomeOwnerFlag><NumberCarsOwned>2</NumberCarsOwned><CommuteDistance>10+ Miles</CommuteDistance></IndividualSurvey>"
1740,IN,0,Scott,Seely,scott11@adventure-works.com,1,Home,Berliner Platz 774,München,Hamburg,Germany,"<IndividualSurvey xmlns=""http://schemas.microsoft.com/sqlserver/2004/07/adventure-works/IndividualSurvey""><TotalPurchaseYTD>-69.99</TotalPurchaseYTD><DateFirstPurchase>2004-03-21Z</DateFirstPurchase><BirthDate>1945-07-17Z</BirthDate><MaritalStatus>M</MaritalStatus><YearlyIncome>75001-100000</YearlyIncome><Gender>M</Gender><TotalChildren>5</TotalChildren><NumberChildrenAtHome>0</NumberChildrenAtHome><Education>Bachelors </Education><Occupation>Management</Occupation><HomeOwnerFlag>1</HomeOwnerFlag><NumberCarsOwned>2</NumberCarsOwned><CommuteDistance>10+ Miles</CommuteDistance></IndividualSurvey>"
1743,IN,0,Alice,Serventi,alice3@adventure-works.com,0,Home,"103, avenue des Champs-Elysées",Paris La Defense,Hauts de Seine,France,"<IndividualSurvey xmlns=""http://schemas.microsoft.com/sqlserver/2004/07/adventure-works/IndividualSurvey""><TotalPurchaseYTD>-69.99</TotalPurchaseYTD><DateFirstPurchase>2004-03-21Z</DateFirstPurchase><BirthDate>1945-07-17Z</BirthDate><MaritalStatus>M</MaritalStatus><YearlyIncome>75001-100000</YearlyIncome><Gender>M</Gender><TotalChildren>5</TotalChildren><NumberChildrenAtHome>0</NumberChildrenAtHome><Education>Bachelors </Education><Occupation>Management</Occupation><HomeOwnerFlag>1</HomeOwnerFlag><NumberCarsOwned>2</NumberCarsOwned><CommuteDistance>10+ Miles</CommuteDistance></IndividualSurvey>"
1746,IN,0,Alan,Shen,alan3@adventure-works.com,1,Home,9826 Olive Ave.,Sydney,New South Wales,Australia,"<IndividualSurvey xmlns=""http://schemas.microsoft.com/sqlserver/2004/07/adventure-works/IndividualSurvey""><TotalPurchaseYTD>-69.99</TotalPurchaseYTD><DateFirstPurchase>2004-03-21Z</DateFirstPurchase><BirthDate>1945-07-17Z</BirthDate><MaritalStatus>M</MaritalStatus><YearlyIncome>75001-100000</YearlyIncome><Gender>M</Gender><TotalChildren>5</TotalChildren><NumberChildrenAtHome>0</NumberChildrenAtHome><Education>Bachelors </Education><Occupation>Management</Occupation><HomeOwnerFlag>1</HomeOwnerFlag><NumberCarsOwned>2</NumberCarsOwned><CommuteDistance>10+ Miles</CommuteDistance></IndividualSurvey>"
1754,IN,0,Shish,Shridhar,shish0@adventure-works.com,0,Home,886 Panoramic Drive,Gateshead,England,United Kingdom,"<IndividualSurvey xmlns=""http://schemas.microsoft.com/sqlserver/2004/07/adventure-works/IndividualSurvey""><TotalPurchaseYTD>-69.99</TotalPurchaseYTD><DateFirstPurchase>2004-03-21Z</DateFirstPurchase><BirthDate>1945-07-17Z</BirthDate><MaritalStatus>M</MaritalStatus><YearlyIncome>75001-100000</YearlyIncome><Gender>M</Gender><TotalChildren>5</TotalChildren><NumberChildrenAtHome>0</NumberChildrenAtHome><Education>Bachelors </Education><Occupation>Management</Occupation><HomeOwnerFlag>1</HomeOwnerFlag><NumberCarsOwned>2</NumberCarsOwned><CommuteDistance>10+ Miles</CommuteDistance></IndividualSurvey>"
1757,IN,0,David,Simpson,david24@adventure-works.com,2,Home,3956 Stonedale,Beaverton,Oregon,United States,"<IndividualSurvey xmlns=""http://schemas.microsoft.com/sqlserver/2004/07/adventure-works/IndividualSurvey""><TotalPurchaseYTD>-69.99</TotalPurchaseYTD><DateFirstPurchase>2004-03-21Z</DateFirstPurchase><BirthDate>1945-07-17Z</BirthDate><MaritalStatus>M</MaritalStatus><YearlyIncome>75001-100000</YearlyIncome><Gender>M</Gender><TotalChildren>5</TotalChildren><NumberChildrenAtHome>0</NumberChildrenAtHome><Education>Bachelors </Education><Occupation>Management</Occupation><HomeOwnerFlag>1</HomeOwnerFlag><NumberCarsOwned>2</NumberCarsOwned><CommuteDistance>10+ Miles</CommuteDistance></IndividualSurvey>"
1760,IN,0,Paul,Singh,paul5@adventure-works.com,1,Home,371 Westwood Court,Burbank,Ohio,United States,"<IndividualSurvey xmlns=""http://schemas.microsoft.com/sqlserver/2004/07/adventure-works/IndividualSurvey""><TotalPurchaseYTD>-69.99</TotalPurchaseYTD><DateFirstPurchase>2004-03-21Z</DateFirstPurchase><BirthDate>1945-07-17Z</BirthDate><MaritalStatus>M</MaritalStatus><YearlyIncome>75001-100000</YearlyIncome><Gender>M</Gender><TotalChildren>5</TotalChildren><NumberChildrenAtHome>0</NumberChildrenAtHome><Education>Bachelors </Education><Occupation>Management</Occupation><HomeOwnerFlag>1</HomeOwnerFlag><NumberCarsOwned>2</NumberCarsOwned><CommuteDistance>10+ Miles</CommuteDistance></IndividualSurvey>"
1763,IN,0,Dianne,Slattengren,dianne0@adventure-works.com,2,Home,1574 Hudson Ave.,Maidenhead,England,United Kingdom,"<IndividualSurvey xmlns=""http://schemas.microsoft.com/sqlserver/2004/07/adventure-works/IndividualSurvey""><TotalPurchaseYTD>-69.99</TotalPurchaseYTD><DateFirstPurchase>2004-03-21Z</DateFirstPurchase><BirthDate>1945-07-17Z</BirthDate><MaritalStatus>M</MaritalStatus><YearlyIncome>75001-100000</YearlyIncome><Gender>M</Gender><TotalChildren>5</TotalChildren><NumberChildrenAtHome>0</NumberChildrenAtHome><Education>Bachelors </Education><Occupation>Management</Occupation><HomeOwnerFlag>1</HomeOwnerFlag><NumberCarsOwned>2</NumberCarsOwned><CommuteDistance>10+ Miles</CommuteDistance></IndividualSurvey>"
1766,IN,0,Leonard,Smith,leonard0@adventure-works.com,2,Home,8483 Arizona Drive,Port Macquarie,New South Wales,Australia,"<IndividualSurvey xmlns=""http://schemas.microsoft.com/sqlserver/2004/07/adventure-works/IndividualSurvey""><TotalPurchaseYTD>-69.99</TotalPurchaseYTD><DateFirstPurchase>2004-03-21Z</DateFirstPurchase><BirthDate>1945-07-17Z</BirthDate><MaritalStatus>M</MaritalStatus><YearlyIncome>75001-100000</YearlyIncome><Gender>M</Gender><TotalChildren>5</TotalChildren><NumberChildrenAtHome>0</NumberChildrenAtHome><Education>Bachelors </Education><Occupation>Management</Occupation><HomeOwnerFlag>1</HomeOwnerFlag><NumberCarsOwned>2</NumberCarsOwned><CommuteDistance>10+ Miles</CommuteDistance></IndividualSurvey>"
1777,IN,0,David,So,david25@adventure-works.com,2,Home,Marketplatz 5193,Bonn,Nordrhein-Westfalen,Germany,"<IndividualSurvey xmlns=""http://schemas.microsoft.com/sqlserver/2004/07/adventure-works/IndividualSurvey""><TotalPurchaseYTD>-69.99</TotalPurchaseYTD><DateFirstPurchase>2004-03-21Z</DateFirstPurchase><BirthDate>1945-07-17Z</BirthDate><MaritalStatus>M</MaritalStatus><YearlyIncome>75001-100000</YearlyIncome><Gender>M</Gender><TotalChildren>5</TotalChildren><NumberChildrenAtHome>0</NumberChildrenAtHome><Education>Bachelors </Education><Occupation>Management</Occupation><HomeOwnerFlag>1</HomeOwnerFlag><NumberCarsOwned>2</NumberCarsOwned><CommuteDistance>10+ Miles</CommuteDistance></IndividualSurvey>"
1780,IN,0,Lolan,Song,lolan1@adventure-works.com,2,Home,1830 Shore Rd.,Warrington,England,United Kingdom,"<IndividualSurvey xmlns=""http://schemas.microsoft.com/sqlserver/2004/07/adventure-works/IndividualSurvey""><TotalPurchaseYTD>-69.99</TotalPurchaseYTD><DateFirstPurchase>2004-03-21Z</DateFirstPurchase><BirthDate>1945-07-17Z</BirthDate><MaritalStatus>M</MaritalStatus><YearlyIncome>75001-100000</YearlyIncome><Gender>M</Gender><TotalChildren>5</TotalChildren><NumberChildrenAtHome>0</NumberChildrenAtHome><Education>Bachelors </Education><Occupation>Management</Occupation><HomeOwnerFlag>1</HomeOwnerFlag><NumberCarsOwned>2</NumberCarsOwned><CommuteDistance>10+ Miles</CommuteDistance></IndividualSurvey>"
1783,IN,0,Sylvia,Spencer,sylvia1@adventure-works.com,0,Home,"52, rue Malar",Saint Germain en Laye,Yveline,France,"<IndividualSurvey xmlns=""http://schemas.microsoft.com/sqlserver/2004/07/adventure-works/IndividualSurvey""><TotalPurchaseYTD>-69.99</TotalPurchaseYTD><DateFirstPurchase>2004-03-21Z</DateFirstPurchase><BirthDate>1945-07-17Z</BirthDate><MaritalStatus>M</MaritalStatus><YearlyIncome>75001-100000</YearlyIncome><Gender>M</Gender><TotalChildren>5</TotalChildren><NumberChildrenAtHome>0</NumberChildrenAtHome><Education>Bachelors </Education><Occupation>Management</Occupation><HomeOwnerFlag>1</HomeOwnerFlag><NumberCarsOwned>2</NumberCarsOwned><CommuteDistance>10+ Miles</CommuteDistance></IndividualSurvey>"
2381,IN,0,Warren,Pal,warren1@adventure-works.com,1,Home,"8, rue de l´Avenir",Drancy,Seine Saint Denis,France,"<IndividualSurvey xmlns=""http://schemas.microsoft.com/sqlserver/2004/07/adventure-works/IndividualSurvey""><TotalPurchaseYTD>-69.99</TotalPurchaseYTD><DateFirstPurchase>2004-03-21Z</DateFirstPurchase><BirthDate>1945-07-17Z</BirthDate><MaritalStatus>M</MaritalStatus><YearlyIncome>75001-100000</YearlyIncome><Gender>M</Gender><TotalChildren>5</TotalChildren><NumberChildrenAtHome>0</NumberChildrenAtHome><Education>Bachelors </Education><Occupation>Management</Occupation><HomeOwnerFlag>1</HomeOwnerFlag><NumberCarsOwned>2</NumberCarsOwned><CommuteDistance>10+ Miles</CommuteDistance></IndividualSurvey>"
2384,IN,0,Crystal,Zeng,crystal1@adventure-works.com,2,Home,Auf Der Steige 6,Neunkirchen,Saarland,Germany,"<IndividualSurvey xmlns=""http://schemas.microsoft.com/sqlserver/2004/07/adventure-works/IndividualSurvey""><TotalPurchaseYTD>-69.99</TotalPurchaseYTD><DateFirstPurchase>2004-03-21Z</DateFirstPurchase><BirthDate>1945-07-17Z</BirthDate><MaritalStatus>M</MaritalStatus><YearlyIncome>75001-100000</YearlyIncome><Gender>M</Gender><TotalChildren>5</TotalChildren><NumberChildrenAtHome>0</NumberChildrenAtHome><Education>Bachelors </Education><Occupation>Management</Occupation><HomeOwnerFlag>1</HomeOwnerFlag><NumberCarsOwned>2</NumberCarsOwned><CommuteDistance>10+ Miles</CommuteDistance></IndividualSurvey>"
2387,IN,0,Laura,Chen,laura9@adventure-works.com,0,Home,Winter der Böck 254,Salzgitter,Hessen,Germany,"<IndividualSurvey xmlns=""http://schemas.microsoft.com/sqlserver/2004/07/adventure-works/IndividualSurvey""><TotalPurchaseYTD>-69.99</TotalPurchaseYTD><DateFirstPurchase>2004-03-21Z</DateFirstPurchase><BirthDate>1945-07-17Z</BirthDate><MaritalStatus>M</MaritalStatus><YearlyIncome>75001-100000</YearlyIncome><Gender>M</Gender><TotalChildren>5</TotalChildren><NumberChildrenAtHome>0</NumberChildrenAtHome><Education>Bachelors </Education><Occupation>Management</Occupation><HomeOwnerFlag>1</HomeOwnerFlag><NumberCarsOwned>2</NumberCarsOwned><CommuteDistance>10+ Miles</CommuteDistance></IndividualSurvey>"
2390,IN,0,Laura,Huang,laura12@adventure-works.com,0,Home,Buergermeister-ulrich-str 90,Leipzig,Nordrhein-Westfalen,Germany,"<IndividualSurvey xmlns=""http://schemas.microsoft.com/sqlserver/2004/07/adventure-works/IndividualSurvey""><TotalPurchaseYTD>-69.99</TotalPurchaseYTD><DateFirstPurchase>2004-03-21Z</DateFirstPurchase><BirthDate>1945-07-17Z</BirthDate><MaritalStatus>M</MaritalStatus><YearlyIncome>75001-100000</YearlyIncome><Gender>M</Gender><TotalChildren>5</TotalChildren><NumberChildrenAtHome>0</NumberChildrenAtHome><Education>Bachelors </Education><Occupation>Management</Occupation><HomeOwnerFlag>1</HomeOwnerFlag><NumberCarsOwned>2</NumberCarsOwned><CommuteDistance>10+ Miles</CommuteDistance></IndividualSurvey>"
2393,IN,0,Laura,Lin,laura14@adventure-works.com,2,Home,3378 Coldwater Drive,Matraville,New South Wales,Australia,"<IndividualSurvey xmlns=""http://schemas.microsoft.com/sqlserver/2004/07/adventure-works/IndividualSurvey""><TotalPurchaseYTD>-69.99</TotalPurchaseYTD><DateFirstPurchase>2004-03-21Z</DateFirstPurchase><BirthDate>1945-07-17Z</BirthDate><MaritalStatus>M</MaritalStatus><YearlyIncome>75001-100000</YearlyIncome><Gender>M</Gender><TotalChildren>5</TotalChildren><NumberChildrenAtHome>0</NumberChildrenAtHome><Education>Bachelors </Education><Occupation>Management</Occupation><HomeOwnerFlag>1</HomeOwnerFlag><NumberCarsOwned>2</NumberCarsOwned><CommuteDistance>10+ Miles</CommuteDistance></IndividualSurvey>"
2401,IN,0,Laura,Gao,laura20@adventure-works.com,0,Home,82 Mt. Dell Dr.,Silverwater,New South Wales,Australia,"<IndividualSurvey xmlns=""http://schemas.microsoft.com/sqlserver/2004/07/adventure-works/IndividualSurvey""><TotalPurchaseYTD>-69.99</TotalPurchaseYTD><DateFirstPurchase>2004-03-21Z</DateFirstPurchase><BirthDate>1945-07-17Z</BirthDate><MaritalStatus>M</MaritalStatus><YearlyIncome>75001-100000</YearlyIncome><Gender>M</Gender><TotalChildren>5</TotalChildren><NumberChildrenAtHome>0</NumberChildrenAtHome><Education>Bachelors </Education><Occupation>Management</Occupation><HomeOwnerFlag>1</HomeOwnerFlag><NumberCarsOwned>2</NumberCarsOwned><CommuteDistance>10+ Miles</CommuteDistance></IndividualSurvey>"
2404,IN,0,Francis,Alvarez,francis2@adventure-works.com,0,Home,5287 Race Road,Brisbane,Queensland,Australia,"<IndividualSurvey xmlns=""http://schemas.microsoft.com/sqlserver/2004/07/adventure-works/IndividualSurvey""><TotalPurchaseYTD>-69.99</TotalPurchaseYTD><DateFirstPurchase>2004-03-21Z</DateFirstPurchase><BirthDate>1945-07-17Z</BirthDate><MaritalStatus>M</MaritalStatus><YearlyIncome>75001-100000</YearlyIncome><Gender>M</Gender><TotalChildren>5</TotalChildren><NumberChildrenAtHome>0</NumberChildrenAtHome><Education>Bachelors </Education><Occupation>Management</Occupation><HomeOwnerFlag>1</HomeOwnerFlag><NumberCarsOwned>2</NumberCarsOwned><CommuteDistance>10+ Miles</CommuteDistance></IndividualSurvey>"
2407,IN,0,Laura,He,laura24@adventure-works.com,0,Home,Postfach 90 92 92,Hamburg,Hamburg,Germany,"<IndividualSurvey xmlns=""http://schemas.microsoft.com/sqlserver/2004/07/adventure-works/IndividualSurvey""><TotalPurchaseYTD>-31</TotalPurchaseYTD><DateFirstPurchase>2004-06-22Z</DateFirstPurchase><BirthDate>1980-03-08Z</BirthDate><MaritalStatus>M</MaritalStatus><YearlyIncome>0-25000</YearlyIncome><Gender>F</Gender><TotalChildren>0</TotalChildren><NumberChildrenAtHome>0</NumberChildrenAtHome><Education>Partial High School</Education><Occupation>Manual</Occupation><HomeOwnerFlag>1</HomeOwnerFlag><NumberCarsOwned>2</NumberCarsOwned><CommuteDistance>1-2 Miles</CommuteDistance></IndividualSurvey>"
2410,IN,0,Laura,Hu,laura26@adventure-works.com,2,Home,8502 Diver Way,Chula Vista,California,United States,"<IndividualSurvey xmlns=""http://schemas.microsoft.com/sqlserver/2004/07/adventure-works/IndividualSurvey""><TotalPurchaseYTD>738.35</TotalPurchaseYTD><DateFirstPurchase>2002-01-28Z</DateFirstPurchase><BirthDate>1957-04-28Z</BirthDate><MaritalStatus>M</MaritalStatus><YearlyIncome>50001-75000</YearlyIncome><Gender>F</Gender><TotalChildren>3</TotalChildren><NumberChildrenAtHome>2</NumberChildrenAtHome><Education>Partial College</Education><Occupation>Professional</Occupation><HomeOwnerFlag>1</HomeOwnerFlag><NumberCarsOwned>0</NumberCarsOwned><CommuteDistance>5-10 Miles</CommuteDistance></IndividualSurvey>"
2413,IN,0,Lisa,Wang,lisa4@adventure-works.com,0,Home,2530 Seeno St,Wokingham,England,United Kingdom,"<IndividualSurvey xmlns=""http://schemas.microsoft.com/sqlserver/2004/07/adventure-works/IndividualSurvey""><TotalPurchaseYTD>-30</TotalPurchaseYTD><DateFirstPurchase>2004-03-19Z</DateFirstPurchase><BirthDate>1945-08-15Z</BirthDate><MaritalStatus>S</MaritalStatus><YearlyIncome>greater than 100000</YearlyIncome><Gender>F</Gender><TotalChildren>3</TotalChildren><NumberChildrenAtHome>4</NumberChildrenAtHome><Education>Graduate Degree</Education><Occupation>Management</Occupation><HomeOwnerFlag>0</HomeOwnerFlag><NumberCarsOwned>4</NumberCarsOwned><CommuteDistance>0-1 Miles</CommuteDistance></IndividualSurvey>"
2421,IN,0,Lisa,Wu,lisa10@adventure-works.com,0,Home,8426 Easley Dr.,Melton,Victoria,Australia,"<IndividualSurvey xmlns=""http://schemas.microsoft.com/sqlserver/2004/07/adventure-works/IndividualSurvey""><TotalPurchaseYTD>45.5</TotalPurchaseYTD><DateFirstPurchase>2003-11-03Z</DateFirstPurchase><BirthDate>1957-08-15Z</BirthDate><MaritalStatus>M</MaritalStatus><YearlyIncome>50001-75000</YearlyIncome><Gender>F</Gender><TotalChildren>1</TotalChildren><NumberChildrenAtHome>0</NumberChildrenAtHome><Education>Partial College</Education><Occupation>Skilled Manual</Occupation><HomeOwnerFlag>1</HomeOwnerFlag><NumberCarsOwned>1</NumberCarsOwned><CommuteDistance>5-10 Miles</CommuteDistance></IndividualSurvey>"
2453,IN,0,Jamie,Xu,jamie15@adventure-works.com,1,Home,Bundesallee 44,Frankfurt am Main,Hamburg,Germany,"<IndividualSurvey xmlns=""http://schemas.microsoft.com/sqlserver/2004/07/adventure-works/IndividualSurvey""><TotalPurchaseYTD>245.8936</TotalPurchaseYTD><DateFirstPurchase>2003-04-18Z</DateFirstPurchase><BirthDate>1952-10-02Z</BirthDate><MaritalStatus>M</MaritalStatus><YearlyIncome>0-25000</YearlyIncome><Gender>F</Gender><TotalChildren>2</TotalChildren><NumberChildrenAtHome>0</NumberChildrenAtHome><Education>Partial College</Education><Occupation>Manual</Occupation><HomeOwnerFlag>1</HomeOwnerFlag><NumberCarsOwned>1</NumberCarsOwned><CommuteDistance>2-5 Miles</CommuteDistance></IndividualSurvey>"
2461,IN,0,Isabella,Brooks,isabella8@adventure-works.com,2,Home,9471 Shell Dr.,Bremerton,Washington,United States,"<IndividualSurvey xmlns=""http://schemas.microsoft.com/sqlserver/2004/07/adventure-works/IndividualSurvey""><TotalPurchaseYTD>160.405</TotalPurchaseYTD><DateFirstPurchase>2003-03-21Z</DateFirstPurchase><BirthDate>1969-12-25Z</BirthDate><MaritalStatus>S</MaritalStatus><YearlyIncome>50001-75000</YearlyIncome><Gender>F</Gender><TotalChildren>5</TotalChildren><NumberChildrenAtHome>0</NumberChildrenAtHome><Education>Graduate Degree</Education><Occupation>Professional</Occupation><HomeOwnerFlag>1</HomeOwnerFlag><NumberCarsOwned>0</NumberCarsOwned><CommuteDistance>2-5 Miles</CommuteDistance></IndividualSurvey>"
